City_ID,City,Lat,Lng,Weather,Max Temp,Humidity,Cloudiness,Wind Speed,Country,Date
0,"San Jose,Bo",-17.9389,-63.3516,overcast clouds,75.0,50,97,10.85,BO,2021-09-20 07:49:31
1,"El Carmen,Co",8.5106,-73.4478,overcast clouds,65.14,97,100,3.58,CO,2021-09-20 07:49:33
2,"Sarangani,Ph",5.4033,125.4636,broken clouds,82.35,70,81,3.38,PH,2021-09-20 07:49:34
3,"Punta Arenas,Cl",-53.15,-70.9167,clear sky,35.71,87,0,6.91,CL,2021-09-20 07:49:35
4,"Mar Del Plata,Ar",-38.0023,-57.5575,overcast clouds,55.42,100,90,4.61,AR,2021-09-20 07:49:10
5,"Rikitea,Pf",-23.1203,-134.9692,light rain,73.51,78,15,15.43,PF,2021-09-20 07:49:38
6,"Nikolskoye,Ru",59.7035,30.7861,overcast clouds,43.02,62,100,11.39,RU,2021-09-20 07:49:40
7,"Tikrit,Iq",34.6071,43.6782,clear sky,94.35,15,0,9.75,IQ,2021-09-20 07:49:41
8,"Albany,Au",-35.0169,117.8917,overcast clouds,61.23,59,90,11.5,AU,2021-09-20 07:49:43
9,"Lebu,Cl",-37.6167,-73.65,clear sky,45.09,87,0,13.82,CL,2021-09-20 07:45:54
10,"Kapaa,Us",22.0752,-159.319,scattered clouds,79.12,74,40,4.0,US,2021-09-20 07:49:45
11,"Bengkulu,Id",-3.8004,102.2655,broken clouds,82.65,72,53,8.63,ID,2021-09-20 07:49:47
12,"Kommunisticheskiy,Ru",61.6789,64.4819,overcast clouds,34.7,84,100,11.88,RU,2021-09-20 07:49:48
13,"Hithadhoo,Mv",-0.6,73.0833,broken clouds,83.71,72,63,9.28,MV,2021-09-20 07:49:50
14,"Arraial Do Cabo,Br",-22.9661,-42.0278,overcast clouds,71.35,89,100,15.12,BR,2021-09-20 07:49:51
15,"Zhigansk,Ru",66.7697,123.3711,scattered clouds,40.37,55,28,5.84,RU,2021-09-20 07:49:53
16,"Hermanus,Za",-34.4187,19.2345,light rain,53.91,68,100,21.12,ZA,2021-09-20 07:49:54
17,"East London,Za",-33.0153,27.9116,broken clouds,61.74,67,75,20.71,ZA,2021-09-20 07:49:56
18,"Cape Town,Za",-33.9258,18.4232,broken clouds,56.88,83,75,8.99,ZA,2021-09-20 07:49:57
19,"Lompoc,Us",34.6391,-120.4579,mist,65.79,89,75,5.75,US,2021-09-20 07:50:00
20,"Geraldton,Au",-28.7667,114.6,clear sky,84.61,21,0,14.97,AU,2021-09-20 07:50:01
21,"Qui Nhon,Vn",13.7667,109.2333,overcast clouds,83.07,77,100,6.91,VN,2021-09-20 07:50:02
22,"Kodiak,Us",57.79,-152.4072,light rain,47.43,89,100,11.48,US,2021-09-20 07:50:04
23,"Jamestown,Sh",-15.9387,-5.7168,overcast clouds,62.22,75,100,17.69,SH,2021-09-20 07:50:05
24,"Roald,No",62.5833,6.1333,broken clouds,58.15,94,75,3.44,NO,2021-09-20 07:50:07
25,"Nome,Us",64.5011,-165.4064,clear sky,33.87,75,1,13.8,US,2021-09-20 07:50:08
26,"Samarkand,Uz",39.6542,66.9597,clear sky,80.02,19,0,6.91,UZ,2021-09-20 07:50:10
27,"Guangyuan,Cn",32.442,105.823,clear sky,81.03,54,0,4.27,CN,2021-09-20 07:50:11
28,"Tauramena,Co",5.0183,-72.7492,broken clouds,68.9,81,80,6.26,CO,2021-09-20 07:50:13
29,"Rusne,Lt",55.2964,21.3758,overcast clouds,48.29,65,92,11.88,LT,2021-09-20 07:50:14
30,"Parati,Br",-23.2178,-44.7131,overcast clouds,71.08,95,93,1.97,BR,2021-09-20 07:50:15
31,"Saldanha,Za",-33.0117,17.9442,overcast clouds,57.25,73,100,22.35,ZA,2021-09-20 07:50:17
32,"Hilsa,In",25.3167,85.2833,broken clouds,84.13,58,75,6.93,IN,2021-09-20 07:50:20
33,"Leonforte,It",37.6443,14.4007,clear sky,82.58,43,2,3.33,IT,2021-09-20 07:50:21
34,"Bethel,Us",41.3712,-73.414,clear sky,57.65,90,1,0.0,US,2021-09-20 07:48:30
35,"Ancud,Cl",-41.8697,-73.8203,broken clouds,39.42,89,68,4.76,CL,2021-09-20 07:50:24
36,"Hasaki,Jp",35.7333,140.8333,clear sky,73.8,67,8,17.25,JP,2021-09-20 07:50:26
37,"Busselton,Au",-33.65,115.3333,clear sky,65.08,55,0,7.63,AU,2021-09-20 07:50:28
38,"Faanui,Pf",-16.4833,-151.75,few clouds,78.62,71,12,14.81,PF,2021-09-20 07:50:29
39,"Puerto Ayora,Ec",-0.7393,-90.3518,broken clouds,68.56,91,79,8.01,EC,2021-09-20 07:50:31
40,"Torbay,Ca",47.6666,-52.7314,light rain,51.58,96,90,33.38,CA,2021-09-20 07:50:32
41,"Severnyy,Ru",50.677,36.5532,scattered clouds,55.44,71,40,8.95,RU,2021-09-20 07:50:34
42,"Raudeberg,No",61.9875,5.1352,overcast clouds,55.2,77,100,7.0,NO,2021-09-20 07:50:36
43,"Luderitz,Na",-26.6481,15.1594,clear sky,62.96,52,0,20.89,NA,2021-09-20 07:50:38
44,"Ahipara,Nz",-35.1667,173.1667,clear sky,53.37,86,5,4.59,NZ,2021-09-20 07:50:39
45,"Castro,Cl",-42.4721,-73.7732,clear sky,39.38,92,0,4.61,CL,2021-09-20 07:50:40
46,"Verkhniye Tatyshly,Ru",56.2912,55.8575,scattered clouds,46.81,48,42,7.2,RU,2021-09-20 07:50:42
47,"Cam Ranh,Vn",11.9214,109.1591,few clouds,89.56,62,20,6.91,VN,2021-09-20 07:50:43
48,"Souillac,Mu",-20.5167,57.5167,scattered clouds,76.35,64,40,14.97,MU,2021-09-20 07:50:45
49,"Nanortalik,Gl",60.1432,-45.2371,few clouds,36.16,87,16,11.41,GL,2021-09-20 07:50:47
50,"Haverfordwest,Gb",51.8017,-4.9691,clear sky,56.8,95,0,6.62,GB,2021-09-20 07:50:48
51,"Vavuniya,Lk",8.7514,80.4971,light rain,90.52,52,98,7.4,LK,2021-09-20 07:50:49
52,"New Norfolk,Au",-42.7826,147.0587,overcast clouds,49.5,70,96,1.99,AU,2021-09-20 07:50:51
53,"Gamba,Ga",-2.65,10.0,light rain,76.59,76,92,4.61,GA,2021-09-20 07:50:53
54,"Bluff,Nz",-46.6,168.3333,overcast clouds,53.8,79,88,14.16,NZ,2021-09-20 07:50:54
55,"Honiara,Sb",-9.4333,159.95,overcast clouds,79.38,87,100,8.28,SB,2021-09-20 07:50:58
56,"Dikson,Ru",73.5069,80.5464,overcast clouds,34.72,76,100,13.58,RU,2021-09-20 07:51:00
57,"Acajutla,Sv",13.5928,-89.8275,moderate rain,78.44,84,100,5.82,SV,2021-09-20 07:51:03
58,"Svetlogorsk,Ru",54.9399,20.1548,overcast clouds,47.8,73,98,17.9,RU,2021-09-20 07:51:05
59,"Hilo,Us",19.7297,-155.09,moderate rain,72.39,89,90,4.61,US,2021-09-20 07:48:33
60,"Katobu,Id",-4.9408,122.5276,light rain,74.53,93,100,3.58,ID,2021-09-20 07:51:08
61,"Lakatoro,Vu",-16.0999,167.4164,broken clouds,75.61,77,63,12.66,VU,2021-09-20 07:51:13
62,"Ixtapa,Mx",20.7,-105.2,overcast clouds,75.22,100,100,2.62,MX,2021-09-20 07:51:15
63,"Tuktoyaktuk,Ca",69.4541,-133.0374,scattered clouds,37.87,74,36,14.23,CA,2021-09-20 07:51:16
64,"Bordighera,It",43.7806,7.6645,clear sky,71.49,65,2,4.0,IT,2021-09-20 07:51:18
65,"Caravelas,Br",-17.7125,-39.2481,broken clouds,70.74,83,51,4.09,BR,2021-09-20 07:51:19
66,"Saskylakh,Ru",71.9167,114.0833,overcast clouds,34.75,73,100,7.94,RU,2021-09-20 07:51:20
67,"Hobart,Au",-42.8794,147.3294,broken clouds,49.86,65,75,1.01,AU,2021-09-20 07:51:22
68,"Otake,Jp",34.2,132.2167,broken clouds,82.09,65,75,4.61,JP,2021-09-20 07:51:25
69,"Butaritari,Ki",3.0707,172.7902,few clouds,82.69,73,13,9.66,KI,2021-09-20 07:51:26
70,"San Policarpo,Ph",12.1791,125.5072,heavy intensity rain,83.17,76,100,7.54,PH,2021-09-20 07:51:28
71,"Norman Wells,Ca",65.282,-126.8329,few clouds,33.84,93,20,4.61,CA,2021-09-20 07:51:29
72,"Naryan-Mar,Ru",67.6713,53.087,overcast clouds,42.73,68,100,9.1,RU,2021-09-20 07:51:30
73,"Vila Franca Do Campo,Pt",37.7167,-25.4333,broken clouds,68.41,79,80,7.96,PT,2021-09-20 07:51:32
74,"Ereymentau,Kz",51.6199,73.1033,overcast clouds,47.12,42,98,19.91,KZ,2021-09-20 07:51:33
75,"Iqaluit,Ca",63.7506,-68.5145,scattered clouds,26.33,86,40,5.75,CA,2021-09-20 07:51:35
76,"Port Alfred,Za",-33.5906,26.891,broken clouds,64.78,69,84,18.95,ZA,2021-09-20 07:51:36
77,"Lavrentiya,Ru",65.5833,-171.0,clear sky,31.35,66,6,8.21,RU,2021-09-20 07:51:38
78,"Port Blair,In",11.6667,92.75,overcast clouds,85.35,70,100,9.82,IN,2021-09-20 07:51:39
79,"Aguimes,Es",27.9054,-15.4461,scattered clouds,72.23,66,40,12.66,ES,2021-09-20 07:51:41
80,"Dingle,Ie",52.1408,-10.2689,overcast clouds,57.31,90,100,5.26,IE,2021-09-20 07:51:42
81,"Buraydah,Sa",26.326,43.975,clear sky,91.85,12,2,11.72,SA,2021-09-20 07:51:44
82,"Rio Gallegos,Ar",-51.6226,-69.2181,clear sky,37.45,87,0,9.22,AR,2021-09-20 07:51:45
83,"Kungurtug,Ru",50.5994,97.5228,overcast clouds,64.89,37,99,17.49,RU,2021-09-20 07:51:47
84,"Brae,Gb",60.3964,-1.353,overcast clouds,55.31,91,100,15.64,GB,2021-09-20 07:51:49
85,"Tiksi,Ru",71.6872,128.8694,overcast clouds,34.72,63,100,11.36,RU,2021-09-20 07:51:52
86,"Terrace Bay,Ca",48.7834,-87.1,broken clouds,67.62,95,51,11.05,CA,2021-09-20 07:51:53
87,"Tautira,Pf",-17.7333,-149.15,light rain,78.82,78,30,17.9,PF,2021-09-20 07:51:55
88,"Dukat,Ru",62.55,155.55,overcast clouds,39.67,96,100,4.36,RU,2021-09-20 07:51:56
89,"Palmer,Us",42.1584,-72.3287,clear sky,56.46,83,1,3.44,US,2021-09-20 07:51:58
90,"Ilulissat,Gl",69.2167,-51.1,overcast clouds,16.09,66,100,6.13,GL,2021-09-20 07:51:59
91,"Shingu,Jp",33.7333,135.9833,broken clouds,81.59,66,77,8.95,JP,2021-09-20 07:52:00
92,"Roebourne,Au",-20.7833,117.1333,few clouds,95.4,13,12,12.66,AU,2021-09-20 07:52:02
93,"Victoria,Sc",-4.6167,55.45,light rain,79.86,83,40,9.22,SC,2021-09-20 07:52:03
94,"Ust-Nera,Ru",64.5667,143.2,broken clouds,38.12,68,83,6.73,RU,2021-09-20 07:52:06
95,"Mareeba,Au",-17.0,145.4333,overcast clouds,74.44,63,85,6.51,AU,2021-09-20 07:52:08
96,"Alofi,Nu",-19.0595,-169.9187,broken clouds,73.29,94,75,4.61,NU,2021-09-20 07:52:10
97,"Vaini,To",-21.2,-175.2,few clouds,69.96,88,20,6.91,TO,2021-09-20 07:52:12
98,"Senneterre,Ca",48.3835,-77.2328,scattered clouds,52.02,71,31,7.76,CA,2021-09-20 07:52:13
99,"Bekovo,Ru",52.4663,43.712,moderate rain,43.05,83,100,22.41,RU,2021-09-20 07:52:15
100,"Qaanaaq,Gl",77.484,-69.3632,few clouds,9.9,71,13,10.0,GL,2021-09-20 07:52:16
101,"Atuona,Pf",-9.8,-139.0333,few clouds,77.81,77,11,20.56,PF,2021-09-20 07:52:17
102,"Ponta Do Sol,Cv",17.1994,-25.0919,overcast clouds,80.38,85,90,7.72,CV,2021-09-20 07:52:19
103,"Concepcion,Py",-23.4064,-57.4344,clear sky,76.69,27,0,4.81,PY,2021-09-20 07:52:20
104,"Boende,Cd",-0.2167,20.8667,scattered clouds,84.45,51,35,0.81,CD,2021-09-20 07:52:23
105,"Muisne,Ec",0.6,-80.0333,overcast clouds,73.98,89,100,8.05,EC,2021-09-20 07:52:24
106,"Lagoa,Pt",39.05,-27.9833,scattered clouds,68.36,69,38,12.86,PT,2021-09-20 07:52:27
107,"Kaitangata,Nz",-46.2817,169.8464,overcast clouds,50.31,83,98,4.92,NZ,2021-09-20 07:52:28
108,"Riyadh,Sa",24.6877,46.7219,clear sky,93.34,13,0,12.37,SA,2021-09-20 07:49:05
109,"Reyes,Bo",-14.3167,-67.3833,few clouds,72.84,79,15,1.32,BO,2021-09-20 07:52:32
110,"College,Us",64.8569,-147.8028,overcast clouds,45.28,75,90,3.44,US,2021-09-20 07:52:34
111,"Avarua,Ck",-21.2078,-159.775,broken clouds,73.45,88,75,3.44,CK,2021-09-20 07:52:35
112,"Saint-Augustin,Ca",51.226,-58.6502,clear sky,41.76,67,0,11.25,CA,2021-09-20 07:52:36
113,"Severnoye,Ru",56.3491,78.3619,light rain,36.37,99,100,9.46,RU,2021-09-20 07:52:38
114,"Kandalaksha,Ru",67.162,32.4123,clear sky,44.2,67,6,6.49,RU,2021-09-20 07:52:40
115,"Yantal,Ru",56.8471,105.2542,scattered clouds,72.9,38,45,7.87,RU,2021-09-20 07:52:42
116,"Isangel,Vu",-19.55,169.2667,clear sky,69.3,66,3,11.07,VU,2021-09-20 07:52:43
117,"Ribeira Grande,Pt",38.5167,-28.7,scattered clouds,68.4,68,40,8.05,PT,2021-09-20 07:52:45
118,"Horqueta,Py",-23.3428,-57.0597,clear sky,75.6,27,0,5.23,PY,2021-09-20 07:52:46
119,"Baijiantan,Cn",45.6333,85.1833,broken clouds,79.41,16,72,26.96,CN,2021-09-20 07:52:47
120,"Imperia,It",43.9667,7.7833,clear sky,65.48,64,2,2.3,IT,2021-09-20 07:52:49
121,"Pacific Grove,Us",36.6177,-121.9166,clear sky,60.58,87,1,1.99,US,2021-09-20 07:52:50
122,"Laguna De Duero,Es",41.5815,-4.7233,scattered clouds,54.95,81,40,9.22,ES,2021-09-20 07:52:52
123,"Bredasdorp,Za",-34.5322,20.0403,moderate rain,56.52,82,75,25.32,ZA,2021-09-20 07:52:53
124,"Guerrero Negro,Mx",27.9769,-114.0611,clear sky,67.48,83,0,10.16,MX,2021-09-20 07:52:55
125,"Marsa Matruh,Eg",31.3525,27.2453,scattered clouds,82.6,78,40,5.75,EG,2021-09-20 07:52:56
126,"Port Elizabeth,Za",-33.918,25.5701,few clouds,64.69,59,20,25.32,ZA,2021-09-20 07:52:58
127,"Qaqortoq,Gl",60.7167,-46.0333,scattered clouds,35.62,83,26,3.78,GL,2021-09-20 07:52:59
128,"Sfantu Gheorghe,Ro",45.8667,25.7833,broken clouds,61.34,55,81,4.61,RO,2021-09-20 07:51:42
129,"Oranjestad,Aw",12.524,-70.027,few clouds,82.35,78,20,8.05,AW,2021-09-20 07:53:02
130,"Ushuaia,Ar",-54.8,-68.3,few clouds,38.86,75,20,21.85,AR,2021-09-20 07:53:03
131,"Georgetown,Sh",-7.9333,-14.4167,broken clouds,75.31,81,74,17.76,SH,2021-09-20 07:53:05
132,"Paracale,Ph",14.2804,122.7881,moderate rain,83.16,84,100,4.12,PH,2021-09-20 07:53:06
133,"Kolyshley,Ru",52.7005,44.5367,light rain,42.42,82,100,22.97,RU,2021-09-20 07:53:07
134,"Talnakh,Ru",69.4865,88.3972,overcast clouds,33.69,73,100,16.78,RU,2021-09-20 07:53:09
135,"Birao,Cf",10.2849,22.7882,broken clouds,80.56,75,57,2.84,CF,2021-09-20 07:53:10
136,"Mount Pleasant,Us",32.7941,-79.8626,clear sky,81.0,84,1,5.01,US,2021-09-20 07:52:41
137,"Mitsamiouli,Km",-11.3847,43.2844,few clouds,82.69,57,20,8.05,KM,2021-09-20 07:53:14
138,"Nabire,Id",-3.3667,135.4833,moderate rain,82.11,76,95,3.09,ID,2021-09-20 07:53:15
139,"Elko,Us",41.0002,-115.5012,clear sky,43.65,66,6,5.01,US,2021-09-20 07:53:17
140,"Necochea,Ar",-38.5473,-58.7368,light rain,52.03,94,100,3.11,AR,2021-09-20 07:53:18
141,"Longyearbyen,Sj",78.2186,15.6401,broken clouds,42.64,75,75,12.66,SJ,2021-09-20 07:53:21
142,"Sistranda,No",63.7256,8.834,overcast clouds,53.56,84,96,5.79,NO,2021-09-20 07:53:22
143,"Severomuysk,Ru",56.1481,113.4267,clear sky,55.26,44,10,5.48,RU,2021-09-20 07:53:24
144,"Atbasar,Kz",51.8,68.3333,broken clouds,47.98,41,74,13.62,KZ,2021-09-20 07:53:25
145,"Upernavik,Gl",72.7868,-56.1549,light snow,26.24,89,100,9.75,GL,2021-09-20 07:53:27
146,"Severo-Kurilsk,Ru",50.6789,156.125,clear sky,49.37,82,7,15.75,RU,2021-09-20 07:53:28
147,"Kazachinskoye,Ru",57.6953,93.2761,overcast clouds,48.02,65,100,7.96,RU,2021-09-20 07:53:29
148,"Corinto,Ni",12.482,-87.1734,overcast clouds,76.5,89,99,7.07,NI,2021-09-20 07:53:31
149,"Rio Grande,Br",-32.035,-52.0986,moderate rain,68.95,99,100,0.58,BR,2021-09-20 07:53:32
150,"Soe,Id",-9.8607,124.284,clear sky,78.8,40,7,11.05,ID,2021-09-20 07:53:34
151,"Barrow,Us",71.2906,-156.7887,light snow,30.22,86,75,5.75,US,2021-09-20 07:53:35
152,"Gubkinskiy,Ru",64.434,76.5026,overcast clouds,36.84,80,100,21.54,RU,2021-09-20 07:53:36
153,"Carnarvon,Au",-24.8667,113.6333,clear sky,96.87,7,0,17.27,AU,2021-09-20 07:53:39
154,"Richards Bay,Za",-28.783,32.0377,light rain,67.24,63,100,12.71,ZA,2021-09-20 07:53:40
155,"Taitung,Tw",22.7583,121.1444,broken clouds,88.07,74,75,6.91,TW,2021-09-20 07:53:42
156,"Kieta,Pg",-6.2167,155.6333,overcast clouds,79.56,82,96,4.9,PG,2021-09-20 07:53:43
157,"West Wendover,Us",40.7391,-114.0733,clear sky,51.01,50,1,9.22,US,2021-09-20 07:53:45
158,"Chokurdakh,Ru",70.6333,147.9167,scattered clouds,28.49,69,36,8.32,RU,2021-09-20 07:53:46
159,"Berovo,Mk",41.7031,22.8578,clear sky,76.17,40,10,9.86,MK,2021-09-20 07:53:49
160,"Astoria,Us",46.1879,-123.8313,overcast clouds,55.85,95,90,4.61,US,2021-09-20 07:53:50
161,"Biloela,Au",-24.4167,150.5,clear sky,74.48,47,6,15.59,AU,2021-09-20 07:53:51
162,"Axim,Gh",4.8699,-2.2405,overcast clouds,78.33,81,92,3.62,GH,2021-09-20 07:53:53
163,"Honningsvag,No",70.9821,25.9704,overcast clouds,45.64,73,99,29.42,NO,2021-09-20 07:53:54
164,"Tasiilaq,Gl",65.6145,-37.6368,overcast clouds,24.22,59,88,4.27,GL,2021-09-20 07:53:56
165,"Sitka,Us",57.0531,-135.33,few clouds,51.69,82,20,9.22,US,2021-09-20 07:51:44
166,"Chuy,Uy",-33.6971,-53.4616,light rain,62.42,100,100,2.75,UY,2021-09-20 07:50:50
167,"Sisimiut,Gl",66.9395,-53.6735,overcast clouds,30.79,56,99,4.36,GL,2021-09-20 07:54:01
168,"Biak,Id",-0.9131,122.8766,broken clouds,80.37,78,63,6.11,ID,2021-09-20 07:54:02
169,"Salon,In",26.0333,81.45,scattered clouds,93.27,51,27,1.14,IN,2021-09-20 07:54:04
170,"Igarka,Ru",67.4667,86.5833,overcast clouds,35.11,80,100,14.2,RU,2021-09-20 07:54:05
171,"Lorengau,Pg",-2.0226,147.2712,light rain,81.07,78,48,6.53,PG,2021-09-20 07:54:07
172,"Marquette,Us",46.5333,-87.6335,clear sky,70.68,79,0,11.92,US,2021-09-20 07:54:08
173,"Narrabri,Au",-30.3167,149.7833,overcast clouds,73.49,23,99,11.5,AU,2021-09-20 07:54:09
174,"Voh,Nc",-20.9667,164.7,clear sky,67.01,69,2,6.96,NC,2021-09-20 07:54:11
175,"Peniche,Pt",39.3558,-9.3811,clear sky,65.1,88,3,21.18,PT,2021-09-20 07:54:12
176,"Silver City,Us",32.7701,-108.2803,clear sky,68.63,59,1,5.99,US,2021-09-20 07:54:14
177,"Acara,Br",-1.9608,-48.1967,scattered clouds,70.32,99,31,2.8,BR,2021-09-20 07:54:15
178,"Manta,Ec",-0.95,-80.7333,broken clouds,73.18,88,75,9.22,EC,2021-09-20 07:54:16
179,"Tomatlan,Mx",19.9333,-105.25,overcast clouds,72.61,95,96,3.22,MX,2021-09-20 07:54:19
180,"Cabo San Lucas,Mx",22.8909,-109.9124,clear sky,81.52,83,8,1.92,MX,2021-09-20 07:50:18
181,"Thinadhoo,Mv",0.5333,72.9333,few clouds,83.91,70,19,8.23,MV,2021-09-20 07:54:22
182,"Vestmannaeyjar,Is",63.4427,-20.2734,overcast clouds,51.33,87,96,26.84,IS,2021-09-20 07:54:25
183,"Waingapu,Id",-9.6567,120.2641,few clouds,86.2,54,19,19.64,ID,2021-09-20 07:54:27
184,"Sao Joao Da Barra,Br",-21.6403,-41.0511,overcast clouds,73.89,84,100,6.38,BR,2021-09-20 07:54:28
185,"Southbridge,Nz",-43.8167,172.25,clear sky,52.84,86,0,11.12,NZ,2021-09-20 07:54:30
186,"Mahebourg,Mu",-20.4081,57.7,scattered clouds,76.24,64,40,14.97,MU,2021-09-20 07:54:31
187,"Road Town,Vg",18.4167,-64.6167,few clouds,79.2,75,21,15.12,VG,2021-09-20 07:54:32
188,"Fairbanks,Us",64.8378,-147.7164,overcast clouds,45.3,76,90,1.14,US,2021-09-20 07:51:31
189,"Shirokiy,Ru",49.758,129.523,overcast clouds,60.85,60,89,4.23,RU,2021-09-20 07:54:35
190,"Krasnoselkup,Ru",65.7,82.4667,overcast clouds,35.26,86,100,16.67,RU,2021-09-20 07:54:37
191,"Olga,Ru",43.7444,135.2892,overcast clouds,61.36,67,100,6.08,RU,2021-09-20 07:54:38
192,"Coquimbo,Cl",-29.9533,-71.3436,clear sky,47.93,93,0,5.75,CL,2021-09-20 07:54:40
193,"Baikunthpur,In",23.25,82.55,scattered clouds,86.32,60,47,2.21,IN,2021-09-20 07:54:41
194,"Camacha,Pt",33.0833,-16.3333,broken clouds,69.22,64,75,16.11,PT,2021-09-20 07:54:44
195,"Muros,Es",42.7762,-9.0603,clear sky,63.23,82,1,12.57,ES,2021-09-20 07:54:45
196,"Kamaishi,Jp",39.2667,141.8833,broken clouds,79.75,72,83,2.15,JP,2021-09-20 07:54:46
197,"Piacabucu,Br",-10.4056,-36.4344,broken clouds,73.44,85,78,6.13,BR,2021-09-20 07:54:48
198,"Kiunga,Pg",-6.1219,141.2906,overcast clouds,75.99,98,99,2.46,PG,2021-09-20 07:54:49
199,"Adrar,Dz",25.75,-1.0,overcast clouds,92.25,14,98,9.73,DZ,2021-09-20 07:54:51
200,"Havre-Saint-Pierre,Ca",50.2334,-63.5986,clear sky,46.4,87,1,2.3,CA,2021-09-20 07:54:52
201,"Khatanga,Ru",71.9667,102.5,light snow,33.44,100,100,11.16,RU,2021-09-20 07:54:53
202,"Yelizovo,Ru",53.1873,158.3805,few clouds,51.94,71,20,13.42,RU,2021-09-20 07:54:55
203,"Meulaboh,Id",4.1363,96.1285,overcast clouds,82.6,73,96,8.9,ID,2021-09-20 07:54:56
204,"Gornyak,Ru",50.9942,81.4661,overcast clouds,52.09,34,100,16.62,RU,2021-09-20 07:54:58
205,"Ternate,Id",0.8,127.4,overcast clouds,82.38,74,90,2.8,ID,2021-09-20 07:54:59
206,"Dunedin,Nz",-45.8742,170.5036,scattered clouds,52.81,79,42,4.0,NZ,2021-09-20 07:52:08
207,"Cidreira,Br",-30.1811,-50.2056,overcast clouds,66.18,98,100,19.53,BR,2021-09-20 07:55:05
208,"Tevaitoa,Pf",-16.7833,-151.5,few clouds,78.26,74,13,16.02,PF,2021-09-20 07:55:06
209,"La Primavera,Co",5.4906,-70.4092,overcast clouds,76.3,85,96,0.69,CO,2021-09-20 07:55:08
210,"Katsuura,Jp",35.1333,140.3,clear sky,78.84,72,0,18.05,JP,2021-09-20 07:55:09
211,"Pevek,Ru",69.7008,170.3133,overcast clouds,29.71,72,99,3.98,RU,2021-09-20 07:55:10
212,"Merauke,Id",-8.4667,140.3333,overcast clouds,78.13,87,100,14.47,ID,2021-09-20 07:55:12
213,"Hay River,Ca",60.8156,-115.7999,light rain,44.58,93,90,2.3,CA,2021-09-20 07:55:13
214,"Rocha,Uy",-34.4833,-54.3333,overcast clouds,61.79,99,100,4.25,UY,2021-09-20 07:55:15
215,"Imeni Poliny Osipenko,Ru",52.4201,136.4853,overcast clouds,55.38,65,100,6.35,RU,2021-09-20 07:55:16
216,"Bitung,Id",1.4451,125.1824,broken clouds,79.65,75,58,7.65,ID,2021-09-20 07:55:17
217,"Saint-Pierre,Pm",46.7654,-56.1695,clear sky,54.12,70,10,37.02,PM,2021-09-20 07:55:20
218,"Karratha,Au",-20.7377,116.8463,scattered clouds,94.93,14,49,9.8,AU,2021-09-20 07:55:23
219,"Ilorin,Ng",8.5,4.55,broken clouds,77.36,94,75,0.0,NG,2021-09-20 07:55:24
220,"Yellowknife,Ca",62.456,-114.3525,broken clouds,37.92,100,75,2.3,CA,2021-09-20 07:55:27
221,"Dicabisagan,Ph",17.0818,122.4157,overcast clouds,85.89,69,92,5.75,PH,2021-09-20 07:55:28
222,"Kirovsk,Ru",67.6148,33.6727,clear sky,41.11,61,5,6.04,RU,2021-09-20 07:55:29
223,"Matagami,Ca",49.7502,-77.6328,broken clouds,57.31,62,75,11.5,CA,2021-09-20 07:55:31
224,"Toccoa,Us",34.5773,-83.3324,broken clouds,73.78,94,75,0.0,US,2021-09-20 07:55:32
225,"Hibbing,Us",47.4272,-92.9377,broken clouds,74.66,73,78,12.95,US,2021-09-20 07:55:36
226,"Zabol,Ir",31.0287,61.5012,clear sky,93.18,14,0,26.46,IR,2021-09-20 07:55:38
227,"Khorixas,Na",-20.3667,14.9667,clear sky,73.56,15,0,6.22,NA,2021-09-20 07:55:39
228,"Livani,Lv",56.3543,26.1758,overcast clouds,41.07,87,100,11.16,LV,2021-09-20 07:55:40
229,"Myitkyina,Mm",25.3833,97.4,overcast clouds,86.76,65,86,1.43,MM,2021-09-20 07:55:44
230,"Saint-Joseph,Re",-21.3667,55.6167,light rain,73.76,74,33,14.07,RE,2021-09-20 07:55:47
231,"Sao Gabriel Da Cachoeira,Br",-0.1303,-67.0892,broken clouds,71.67,96,63,1.45,BR,2021-09-20 07:55:48
232,"Ucluelet,Ca",48.9329,-125.5528,overcast clouds,54.09,94,96,1.88,CA,2021-09-20 07:55:50
233,"Alyangula,Au",-13.8483,136.4192,scattered clouds,87.67,48,40,8.05,AU,2021-09-20 07:55:51
234,"Jiangyou,Cn",31.7667,104.7167,clear sky,81.77,52,0,5.88,CN,2021-09-20 07:55:52
235,"Quatre Cocos,Mu",-20.2078,57.7625,scattered clouds,76.08,65,37,15.3,MU,2021-09-20 07:55:54
236,"Tuatapere,Nz",-46.1333,167.6833,overcast clouds,53.82,93,91,6.62,NZ,2021-09-20 07:55:55
237,"Filadelfia,Py",-22.35,-60.0333,clear sky,79.72,30,0,7.85,PY,2021-09-20 07:55:57
238,"Takoradi,Gh",4.8845,-1.7554,overcast clouds,77.65,83,89,4.03,GH,2021-09-20 07:55:58
239,"Kobelyaky,Ua",49.1489,34.1965,broken clouds,54.54,61,68,14.16,UA,2021-09-20 07:55:59
240,"Ust-Ilimsk,Ru",58.0006,102.6619,overcast clouds,65.34,53,100,2.48,RU,2021-09-20 07:56:01
241,"Nuevo Progreso,Mx",23.1667,-97.95,few clouds,78.6,81,20,5.39,MX,2021-09-20 07:56:02
242,"Turukhansk,Ru",65.8167,87.9833,overcast clouds,42.85,78,100,1.77,RU,2021-09-20 07:56:04
243,"Shakawe,Bw",-18.3667,21.85,few clouds,90.25,16,21,11.88,BW,2021-09-20 07:56:05
244,"Agadez,Ne",19.75,10.25,clear sky,87.94,11,5,8.28,NE,2021-09-20 07:56:07
245,"Aykhal,Ru",66.0,111.5,overcast clouds,35.26,81,100,9.37,RU,2021-09-20 07:56:08
246,"San Cristobal,Ec",-0.9045,-89.6174,broken clouds,69.01,83,53,14.72,EC,2021-09-20 07:56:09
247,"Marawi,Sd",18.4833,31.8167,scattered clouds,97.93,13,31,11.88,SD,2021-09-20 07:56:11
248,"Bay Roberts,Ca",47.5999,-53.2648,overcast clouds,52.34,87,90,11.01,CA,2021-09-20 07:56:12
249,"Borogontsy,Ru",62.6683,131.1683,overcast clouds,41.16,77,100,2.19,RU,2021-09-20 07:56:14
250,"Huarmey,Pe",-10.0681,-78.1522,scattered clouds,59.86,85,30,7.67,PE,2021-09-20 07:56:15
251,"Provideniya,Ru",64.3833,-173.3,clear sky,35.76,50,3,3.18,RU,2021-09-20 07:56:16
252,"Sinnamary,Gf",5.3833,-52.95,overcast clouds,78.87,83,99,8.37,GF,2021-09-20 07:56:18
253,"Amazar,Ru",53.858,120.875,clear sky,64.08,56,6,4.38,RU,2021-09-20 07:56:19
254,"Salalah,Om",17.0151,54.0924,clear sky,83.8,69,8,8.97,OM,2021-09-20 07:56:22
255,"Ambon,Id",-3.6954,128.1814,heavy intensity rain,78.94,89,40,2.3,ID,2021-09-20 07:56:23
256,"Cap Malheureux,Mu",-19.9842,57.6142,clear sky,76.46,59,9,10.0,MU,2021-09-20 07:56:25
257,"Palana,Ru",59.1167,159.9667,light rain,45.05,92,100,6.49,RU,2021-09-20 07:56:26
258,"Wexford,Ie",52.3342,-6.4575,clear sky,60.58,88,0,4.85,IE,2021-09-20 07:56:27
259,"Yeppoon,Au",-23.1333,150.7333,clear sky,76.78,74,1,7.96,AU,2021-09-20 07:56:29
260,"Xining,Cn",36.6167,101.7667,clear sky,69.33,21,8,3.51,CN,2021-09-20 07:56:30
261,"La Sarre,Ca",48.8002,-79.1996,broken clouds,54.12,50,69,10.18,CA,2021-09-20 07:56:32
262,"Bathsheba,Bb",13.2167,-59.5167,few clouds,74.01,88,20,2.3,BB,2021-09-20 07:56:33
263,"Vao,Nc",-22.6667,167.4833,scattered clouds,68.85,65,38,16.37,NC,2021-09-20 07:56:35
264,"Hofn,Is",64.2539,-15.2082,broken clouds,50.77,87,54,20.15,IS,2021-09-20 07:56:37
265,"Hami,Cn",42.8,93.45,clear sky,91.02,10,0,5.1,CN,2021-09-20 07:56:38
266,"Pipri,In",19.8,75.5333,broken clouds,87.48,54,59,8.41,IN,2021-09-20 07:56:39
267,"Klaksvik,Fo",62.2266,-6.589,overcast clouds,52.72,92,100,34.65,FO,2021-09-20 07:56:41
268,"Poya,Nc",-21.35,165.15,scattered clouds,69.03,68,35,7.87,NC,2021-09-20 07:56:42
269,"Nelson Bay,Au",-32.7167,152.15,clear sky,73.45,45,0,12.01,AU,2021-09-20 07:56:44
270,"Magdagachi,Ru",53.45,125.8,clear sky,60.94,66,8,3.31,RU,2021-09-20 07:56:45
271,"Talcahuano,Cl",-36.7167,-73.1167,clear sky,42.48,93,0,4.61,CL,2021-09-20 07:56:46
272,"Asfi,Ma",32.2994,-9.2372,clear sky,69.19,76,0,8.03,MA,2021-09-20 07:56:48
273,"Phan Thiet,Vn",10.9333,108.1,overcast clouds,82.67,79,100,9.13,VN,2021-09-20 07:56:49
274,"Kiama,Au",-34.6833,150.8667,clear sky,55.45,54,7,19.44,AU,2021-09-20 07:56:52
275,"Busing,Ph",13.1514,122.9714,heavy intensity rain,84.31,68,100,3.6,PH,2021-09-20 07:56:53
276,"Henties Bay,Na",-22.116,14.2845,clear sky,53.85,73,0,9.55,NA,2021-09-20 07:56:55
277,"Zaysan,Kz",47.4667,84.8667,clear sky,57.7,33,0,12.8,KZ,2021-09-20 07:56:58
278,"Chornobay,Ua",49.6708,32.3239,overcast clouds,48.96,84,100,15.79,UA,2021-09-20 07:57:00
279,"Butajira,Et",8.1167,38.3667,broken clouds,69.64,61,69,8.52,ET,2021-09-20 07:57:01
280,"Ewa Beach,Us",21.3156,-158.0072,broken clouds,78.1,75,74,20.15,US,2021-09-20 07:57:03
281,"Tessalit,Ml",20.1986,1.0114,clear sky,94.73,10,0,14.18,ML,2021-09-20 07:57:04
282,"Port Hardy,Ca",50.6996,-127.4199,light intensity shower rain,51.98,100,75,3.44,CA,2021-09-20 07:57:07
283,"Pangnirtung,Ca",66.1451,-65.7125,few clouds,29.5,75,16,9.17,CA,2021-09-20 07:57:08
284,"Egvekinot,Ru",66.3167,-179.1667,broken clouds,22.57,71,60,6.53,RU,2021-09-20 07:57:10
285,"Yazoo City,Us",32.8551,-90.4056,overcast clouds,75.76,97,86,5.64,US,2021-09-20 07:57:11
286,"Puerto Leguizamo,Co",-0.1934,-74.7819,broken clouds,72.57,85,62,1.66,CO,2021-09-20 07:57:12
287,"Arzgir,Ru",45.3728,44.2206,broken clouds,74.66,43,83,1.32,RU,2021-09-20 07:57:14
288,"Umm Kaddadah,Sd",13.6017,26.6876,few clouds,87.64,46,11,6.62,SD,2021-09-20 07:57:18
289,"El Alto,Pe",-4.2714,-81.2147,clear sky,62.62,81,6,14.83,PE,2021-09-20 07:57:19
290,"Puerto Escondido,Mx",15.85,-97.0667,scattered clouds,78.39,85,45,4.45,MX,2021-09-20 07:57:20
291,"Wajid,So",3.8093,43.2471,overcast clouds,84.16,42,87,16.37,SO,2021-09-20 07:57:22
292,"Diffa,Ne",13.3154,12.6113,overcast clouds,88.09,45,100,6.76,NE,2021-09-20 07:57:23
293,"Sola,Vu",-13.8833,167.55,broken clouds,78.46,75,74,24.61,VU,2021-09-20 07:57:25
294,"Constitucion,Mx",23.9912,-104.6749,overcast clouds,65.14,76,96,1.99,MX,2021-09-20 07:57:26
295,"Vrangel,Ru",42.7297,133.0839,overcast clouds,64.98,74,98,10.36,RU,2021-09-20 07:57:28
296,"Portales,Us",34.1862,-103.3344,broken clouds,76.01,34,82,4.0,US,2021-09-20 07:57:29
297,"San Patricio,Mx",19.2167,-104.7,overcast clouds,75.4,87,100,3.76,MX,2021-09-20 07:57:30
298,"Hohhot,Cn",40.8106,111.6522,light intensity shower rain,71.89,53,40,4.47,CN,2021-09-20 07:56:21
299,"Sao Filipe,Cv",14.8961,-24.4956,overcast clouds,79.48,84,100,2.82,CV,2021-09-20 07:57:33
300,"Cherskiy,Ru",68.75,161.3,broken clouds,27.99,70,82,8.79,RU,2021-09-20 07:57:34
301,"Mangrol,In",21.1167,70.1167,few clouds,84.22,75,17,10.83,IN,2021-09-20 07:57:36
302,"Leningradskiy,Ru",69.3833,178.4167,overcast clouds,24.21,86,100,13.31,RU,2021-09-20 07:57:37
303,"Saint-Philippe,Re",-21.3585,55.7679,light rain,74.75,80,69,13.09,RE,2021-09-20 07:57:39
304,"Shaunavon,Ca",49.6501,-108.4181,broken clouds,47.98,50,68,4.07,CA,2021-09-20 07:57:40
305,"Caluquembe,Ao",-13.7833,14.6833,overcast clouds,77.0,36,85,7.54,AO,2021-09-20 07:57:41
306,"Dauphin,Ca",51.1494,-100.0502,light rain,53.74,66,20,9.22,CA,2021-09-20 07:57:43
307,"Trzebnica,Pl",51.3108,17.0633,overcast clouds,49.37,89,100,6.51,PL,2021-09-20 07:57:44
308,"Bollnas,Se",61.3482,16.3946,overcast clouds,46.38,84,100,2.21,SE,2021-09-20 07:57:46
309,"Namtsy,Ru",62.7161,129.6658,overcast clouds,42.91,65,93,8.08,RU,2021-09-20 07:57:47
310,"Neiafu,To",-18.65,-173.9833,scattered clouds,76.21,76,45,17.09,TO,2021-09-20 07:57:49
311,"Vardo,No",70.3705,31.1107,clear sky,44.8,76,0,19.57,NO,2021-09-20 07:57:50
312,"Narsaq,Gl",60.9167,-46.05,broken clouds,34.84,81,76,2.39,GL,2021-09-20 07:57:51
313,"Lakhdenpokhya,Ru",61.5198,30.1992,broken clouds,45.14,64,55,14.63,RU,2021-09-20 07:57:53
314,"Broken Hill,Au",-31.95,141.4333,few clouds,62.31,23,20,26.46,AU,2021-09-20 07:57:54
315,"Tondol,Ph",16.3104,120.0131,overcast clouds,84.87,73,100,5.86,PH,2021-09-20 07:57:56
316,"Lawton,Us",34.6087,-98.3903,clear sky,77.83,73,0,10.0,US,2021-09-20 07:57:57
317,"Akyab,Mm",20.15,92.9,broken clouds,84.18,72,82,7.05,MM,2021-09-20 07:57:58
318,"Wasilla,Us",61.5814,-149.4394,broken clouds,51.13,66,54,6.33,US,2021-09-20 07:58:00
319,"La Asuncion,Ve",11.0333,-63.8628,overcast clouds,80.33,78,100,6.91,VE,2021-09-20 07:58:01
320,"Teguise,Es",29.0605,-13.564,few clouds,70.02,64,20,9.22,ES,2021-09-20 07:58:03
321,"Oum Hadjer,Td",13.2954,19.6966,scattered clouds,87.24,51,45,4.52,TD,2021-09-20 07:58:05
322,"Tilichiki,Ru",60.4667,166.1,overcast clouds,43.88,90,92,6.6,RU,2021-09-20 07:58:07
323,"Beloha,Mg",-25.1667,45.05,clear sky,76.91,38,2,12.64,MG,2021-09-20 07:58:08
324,"Anshun,Cn",26.25,105.9333,clear sky,75.88,47,0,6.2,CN,2021-09-20 07:58:12
325,"Izhma,Ru",65.0083,53.9113,overcast clouds,42.24,64,100,9.73,RU,2021-09-20 07:58:15
326,"Mount Gambier,Au",-37.8333,140.7667,light intensity shower rain,46.31,76,75,24.16,AU,2021-09-20 07:56:43
327,"Nuuk,Gl",64.1835,-51.7216,light rain,34.3,94,98,17.72,GL,2021-09-20 07:58:17
328,"Joutseno,Fi",61.118,28.5076,scattered clouds,43.79,69,32,17.56,FI,2021-09-20 07:58:19
329,"Shelburne,Ca",44.0787,-80.2041,few clouds,55.76,91,24,7.05,CA,2021-09-20 07:58:20
330,"Tual,Id",-5.6667,132.75,scattered clouds,80.46,83,30,20.18,ID,2021-09-20 07:58:21
331,"Troitskoye,Ru",52.9821,84.6757,overcast clouds,49.59,40,100,17.22,RU,2021-09-20 07:58:23
332,"Bambous Virieux,Mu",-20.3428,57.7575,scattered clouds,76.21,64,40,14.97,MU,2021-09-20 07:58:24
333,"Sept-Iles,Ca",50.2001,-66.3821,few clouds,37.83,93,20,4.61,CA,2021-09-20 07:58:26
334,"Cairns,Au",-16.9167,145.7667,overcast clouds,79.07,61,90,13.8,AU,2021-09-20 07:58:27
335,"Boguchany,Ru",58.3814,97.4531,overcast clouds,57.09,61,100,6.13,RU,2021-09-20 07:58:28
336,"Montlucon,Fr",46.3333,2.6,overcast clouds,56.7,99,100,4.03,FR,2021-09-20 07:58:30
337,"Haines Junction,Ca",60.7522,-137.5108,broken clouds,31.95,86,73,3.44,CA,2021-09-20 07:58:31
338,"Lamovita,Ba",44.9256,16.9072,overcast clouds,52.52,97,100,6.89,BA,2021-09-20 07:58:33
339,"Poum,Nc",-20.2333,164.0167,overcast clouds,71.83,64,99,10.92,NC,2021-09-20 07:58:34
340,"Esperance,Au",-33.8667,121.9,clear sky,62.44,60,0,15.3,AU,2021-09-20 07:58:35
341,"Clyde River,Ca",70.4692,-68.5914,overcast clouds,28.13,57,100,3.15,CA,2021-09-20 07:58:37
342,"Sur,Om",22.5667,59.5289,clear sky,92.39,47,0,3.0,OM,2021-09-20 07:58:38
343,"Limon,Hn",15.8615,-85.501,broken clouds,76.37,92,51,3.47,HN,2021-09-20 07:58:40
344,"Vanavara,Ru",60.34,102.2797,light rain,50.11,94,100,6.02,RU,2021-09-20 07:58:41
345,"Hualmay,Pe",-11.0964,-77.6139,broken clouds,59.05,86,62,8.05,PE,2021-09-20 07:58:42
346,"Harper,Lr",4.375,-7.7169,light rain,79.27,79,15,1.21,LR,2021-09-20 07:58:44
347,"Ondjiva,Ao",-17.0667,15.7333,broken clouds,84.58,14,55,10.67,AO,2021-09-20 07:58:45
348,"Vuktyl,Ru",63.8567,57.3094,overcast clouds,41.32,63,96,13.98,RU,2021-09-20 07:58:47
349,"Karangampel,Id",-6.4622,108.4519,broken clouds,86.56,57,51,12.1,ID,2021-09-20 07:58:48
350,"Kavieng,Pg",-2.5744,150.7967,moderate rain,81.37,79,85,7.29,PG,2021-09-20 07:58:49
351,"Mandurah,Au",-32.55,115.7,clear sky,73.15,54,0,8.84,AU,2021-09-20 07:56:56
352,"Navolato,Mx",24.7672,-107.6944,scattered clouds,77.63,92,29,5.1,MX,2021-09-20 07:58:52
353,"Pushkinskiye Gory,Ru",57.0209,28.9103,light rain,38.34,96,100,12.12,RU,2021-09-20 07:58:53
354,"Banda Aceh,Id",5.5577,95.3222,overcast clouds,78.33,82,100,0.85,ID,2021-09-20 07:58:55
355,"Flin Flon,Ca",54.7682,-101.865,clear sky,43.79,84,9,8.95,CA,2021-09-20 07:58:56
356,"Ratnagiri,In",16.9833,73.3,scattered clouds,81.99,78,41,8.08,IN,2021-09-20 07:58:58
357,"Diapaga,Bf",12.0708,1.7889,scattered clouds,79.72,79,50,9.15,BF,2021-09-20 07:58:59
358,"Kruisfontein,Za",-34.0033,24.7314,few clouds,61.88,56,18,15.48,ZA,2021-09-20 07:59:00
359,"Shubarshi,Kz",48.5872,57.1869,clear sky,62.33,22,3,3.47,KZ,2021-09-20 07:59:02
360,"Nemuro,Jp",43.3236,145.575,clear sky,63.03,68,0,5.86,JP,2021-09-20 07:59:03
361,"Luanda,Ao",-8.8368,13.2343,scattered clouds,73.4,83,40,9.22,AO,2021-09-20 07:56:03
362,"Horsham,Au",-36.7167,142.2,broken clouds,42.71,75,68,18.14,AU,2021-09-20 07:59:06
363,"Te Anau,Nz",-45.4167,167.7167,light rain,45.86,96,97,5.64,NZ,2021-09-20 07:59:07
364,"Kenai,Us",60.5544,-151.2583,overcast clouds,46.09,70,99,3.36,US,2021-09-20 07:59:09
365,"Tahoua,Ne",14.8888,5.2692,clear sky,80.58,74,0,4.61,NE,2021-09-20 07:59:10
366,"Tondano,Id",1.3038,124.9112,moderate rain,71.69,82,84,1.63,ID,2021-09-20 07:59:12
367,"Basoko,Cd",1.2391,23.616,overcast clouds,81.72,59,91,0.85,CD,2021-09-20 07:59:13
368,"Hirado,Jp",33.3597,129.5531,clear sky,81.75,80,6,8.25,JP,2021-09-20 07:59:15
369,"Fortuna,Us",40.5982,-124.1573,overcast clouds,56.19,69,90,0.0,US,2021-09-20 07:59:16
370,"Port-Gentil,Ga",-0.7193,8.7815,scattered clouds,80.56,78,40,6.91,GA,2021-09-20 07:59:17
371,"Victoria Point,Au",-27.5833,153.3,scattered clouds,73.18,82,48,4.0,AU,2021-09-20 07:59:19
372,"Salinopolis,Br",-0.6136,-47.3561,scattered clouds,78.21,84,49,8.63,BR,2021-09-20 07:54:43
373,"Makakilo City,Us",21.3469,-158.0858,broken clouds,76.69,75,82,18.63,US,2021-09-20 07:59:22
374,"Buriti Bravo,Br",-5.8372,-43.8336,overcast clouds,74.91,67,93,3.29,BR,2021-09-20 07:59:23
375,"Burley,Us",42.5357,-113.7928,clear sky,42.67,58,0,16.4,US,2021-09-20 07:59:24
376,"Togur,Ru",58.3631,82.8265,light rain,40.48,83,100,8.9,RU,2021-09-20 07:59:26
377,"Key West,Us",24.5557,-81.7826,overcast clouds,82.99,86,90,5.75,US,2021-09-20 07:55:11
378,"Kokkola,Fi",63.8385,23.1307,overcast clouds,45.93,81,90,9.22,FI,2021-09-20 07:59:28
379,"Kataysk,Ru",56.289,62.5841,overcast clouds,44.47,54,100,12.64,RU,2021-09-20 07:59:30
380,"Ludvika,Se",60.1496,15.1878,overcast clouds,48.04,78,100,3.71,SE,2021-09-20 07:59:31
381,"Nigde,Tr",37.8333,34.75,clear sky,68.81,39,1,8.03,TR,2021-09-20 07:59:33
382,"Liuhe,Cn",42.2401,125.7172,light rain,58.33,95,100,6.69,CN,2021-09-20 07:59:35
383,"Atar,Mr",20.5169,-13.0499,clear sky,84.11,41,1,10.87,MR,2021-09-20 07:59:37
384,"Pisco,Pe",-13.7,-76.2167,overcast clouds,60.85,100,90,2.3,PE,2021-09-20 07:59:38
385,"Kaeo,Nz",-35.1,173.7833,clear sky,56.32,76,0,4.81,NZ,2021-09-20 07:59:41
386,"Alta,No",69.9689,23.2717,clear sky,46.18,63,0,16.11,NO,2021-09-20 07:59:42
387,"Columbus,Us",39.9612,-82.9988,overcast clouds,73.2,83,90,0.0,US,2021-09-20 07:57:12
388,"Thompson,Ca",55.7435,-97.8558,broken clouds,51.96,87,75,9.22,CA,2021-09-20 07:59:46
389,"San Quintin,Mx",30.4833,-115.95,clear sky,65.79,85,1,5.66,MX,2021-09-20 07:59:47
390,"Bang Saphan,Th",11.2126,99.5117,overcast clouds,89.55,91,100,1.1,TH,2021-09-20 07:59:49
391,"Hamilton,Bm",32.2915,-64.778,broken clouds,80.01,77,74,7.0,BM,2021-09-20 07:59:50
392,"Waitati,Nz",-45.75,170.5667,few clouds,52.81,78,11,6.87,NZ,2021-09-20 07:59:52
393,"Sid,Rs",45.1283,19.2264,overcast clouds,56.68,93,100,10.13,RS,2021-09-20 07:59:53
394,"Oxbow,Ca",49.2333,-102.1676,overcast clouds,44.55,57,99,6.73,CA,2021-09-20 07:59:54
395,"Yabrud,Sy",33.9674,36.6574,clear sky,76.66,24,0,1.9,SY,2021-09-20 07:59:56
396,"Ust-Ishim,Ru",57.6935,71.1665,overcast clouds,40.44,88,99,9.66,RU,2021-09-20 07:59:57
397,"Fort Nelson,Ca",58.8053,-122.7002,broken clouds,45.99,81,75,6.91,CA,2021-09-20 07:59:59
398,"Rio Frio,Mx",19.35,-98.6667,overcast clouds,46.18,95,94,1.7,MX,2021-09-20 08:00:00
399,"Bahia Honda,Cu",22.9036,-83.1592,scattered clouds,77.95,89,28,6.55,CU,2021-09-20 08:00:05
400,"Upata,Ve",8.0086,-62.3989,broken clouds,74.19,97,67,3.15,VE,2021-09-20 08:00:06
401,"Bucerias,Mx",20.75,-105.3333,overcast clouds,75.97,100,100,2.91,MX,2021-09-20 07:56:28
402,"Cayenne,Gf",4.9333,-52.3333,broken clouds,81.09,69,75,5.01,GF,2021-09-20 07:58:17
403,"Sulangan,Ph",11.1373,123.7228,moderate rain,81.07,79,91,6.33,PH,2021-09-20 08:00:11
404,"Kathu,Th",7.9178,98.3332,moderate rain,76.82,88,100,11.59,TH,2021-09-20 08:00:13
405,"Sturgeon Falls,Ca",46.3646,-79.9326,clear sky,56.08,69,0,8.28,CA,2021-09-20 08:00:14
406,"Touros,Br",-5.1989,-35.4608,few clouds,76.39,75,18,13.8,BR,2021-09-20 08:00:16
407,"Acapulco,Mx",16.8634,-99.8901,broken clouds,77.58,85,82,3.78,MX,2021-09-20 08:00:18
408,"Tamworth,Au",-31.1,150.9333,broken clouds,66.49,42,84,6.91,AU,2021-09-20 08:00:20
409,"Kudal,In",16.0333,73.6833,light rain,84.69,72,92,7.81,IN,2021-09-20 08:00:22
410,"Pimenta Bueno,Br",-11.6725,-61.1936,overcast clouds,80.94,41,94,1.01,BR,2021-09-20 08:00:24
411,"Daura,Ng",11.5538,11.4085,overcast clouds,81.18,55,100,7.27,NG,2021-09-20 08:00:25
412,"Chabahar,Ir",25.2919,60.643,clear sky,84.0,73,8,10.69,IR,2021-09-20 08:00:27
413,"Anloga,Gh",5.7947,0.8973,overcast clouds,78.44,83,98,12.06,GH,2021-09-20 08:00:29
414,"Dakar,Sn",14.6937,-17.4441,scattered clouds,77.88,80,40,11.99,SN,2021-09-20 08:00:32
415,"Prieska,Za",-29.6641,22.7474,clear sky,59.94,35,1,14.81,ZA,2021-09-20 08:00:34
416,"Tsiroanomandidy,Mg",-18.7667,46.0333,broken clouds,74.23,47,63,10.09,MG,2021-09-20 08:00:36
417,"Chekmagush,Ru",55.1319,54.6556,overcast clouds,46.24,46,97,6.42,RU,2021-09-20 08:00:38
418,"Minab,Ir",27.1467,57.0801,few clouds,94.5,47,11,10.76,IR,2021-09-20 08:00:40
419,"Kandrian,Pg",-6.2167,149.55,light rain,77.22,91,99,10.92,PG,2021-09-20 08:00:41
420,"Bam,Ir",29.106,58.357,clear sky,96.49,7,0,10.25,IR,2021-09-20 08:00:44
421,"Charters Towers,Au",-20.1,146.2667,clear sky,79.86,33,0,11.52,AU,2021-09-20 08:00:45
422,"Labuhan,Id",-6.8844,112.2051,few clouds,88.36,54,20,13.13,ID,2021-09-20 08:00:48
423,"Saint George,Bm",32.3817,-64.6781,scattered clouds,79.75,81,49,5.01,BM,2021-09-20 08:00:50
424,"Mapiri,Bo",-15.25,-68.1667,few clouds,65.07,98,21,1.61,BO,2021-09-20 08:00:52
425,"Ames,Us",42.0347,-93.6199,clear sky,71.26,90,1,1.01,US,2021-09-20 08:00:49
426,"Berlevag,No",70.8578,29.0864,clear sky,46.35,57,0,21.85,NO,2021-09-20 08:00:55
427,"Mehamn,No",71.0357,27.8492,overcast clouds,46.31,63,99,17.45,NO,2021-09-20 08:00:56
428,"Calama,Cl",-22.4667,-68.9333,clear sky,51.98,19,2,5.01,CL,2021-09-20 08:00:58
429,"Hambantota,Lk",6.1241,81.1185,scattered clouds,88.14,84,40,9.22,LK,2021-09-20 08:01:00
430,"Eyl,So",7.9803,49.8164,overcast clouds,87.6,53,92,23.78,SO,2021-09-20 08:01:02
431,"Portland,Au",-38.3333,141.6,light rain,45.88,73,100,21.45,AU,2021-09-20 08:01:03
432,"Araouane,Ml",18.9048,-3.5265,clear sky,93.51,19,0,5.26,ML,2021-09-20 08:01:05
433,"Limoeiro Do Norte,Br",-5.1456,-38.0981,few clouds,72.05,75,17,6.96,BR,2021-09-20 08:01:07
434,"Sotouboua,Tg",8.5667,0.9833,broken clouds,75.4,88,80,1.92,TG,2021-09-20 08:01:08
435,"Qandala,So",11.472,49.8728,few clouds,92.64,55,19,11.14,SO,2021-09-20 08:01:09
436,"Moyale,Et",3.5242,39.0513,scattered clouds,77.07,39,46,16.08,ET,2021-09-20 08:01:11
437,"Gravdal,No",68.1214,13.5031,clear sky,49.89,62,0,13.8,NO,2021-09-20 08:01:12
438,"Tsaratanana,Mg",-16.7833,47.65,scattered clouds,82.24,42,46,11.52,MG,2021-09-20 08:01:14
439,"Mehran,Ir",33.1222,46.1646,clear sky,99.66,10,0,17.29,IR,2021-09-20 08:01:15
440,"Boyolangu,Id",-8.1181,111.8935,broken clouds,81.75,69,64,11.95,ID,2021-09-20 08:01:17
441,"Shimoda,Jp",34.6667,138.95,clear sky,75.51,68,0,16.22,JP,2021-09-20 08:01:18
442,"Noyabrsk,Ru",63.1994,75.4507,overcast clouds,35.96,97,100,17.38,RU,2021-09-20 08:01:20
443,"Jieshou,Cn",33.2634,115.3611,clear sky,81.25,55,4,9.73,CN,2021-09-20 08:01:21
444,"Hasilpur,Pk",29.7122,72.5553,scattered clouds,103.3,30,38,5.93,PK,2021-09-20 08:01:24
445,"Kashi,Cn",39.4547,75.9797,few clouds,88.34,10,23,2.26,CN,2021-09-20 08:01:25
446,"Ballarat,Au",-37.5662,143.8496,light rain,41.18,97,98,11.41,AU,2021-09-20 08:01:27
447,"Gulf Gate Estates,Us",27.2517,-82.5147,clear sky,78.98,78,1,1.01,US,2021-09-20 08:01:28
448,"Baker City,Us",44.7749,-117.8344,few clouds,47.19,84,22,3.6,US,2021-09-20 08:01:29
449,"Dongsheng,Cn",39.8161,109.9776,broken clouds,72.23,22,62,15.14,CN,2021-09-20 08:00:30
450,"Mollendo,Pe",-17.0231,-72.0147,overcast clouds,58.78,87,100,6.78,PE,2021-09-20 08:01:19
451,"Jiaozuo,Cn",35.2397,113.2331,overcast clouds,80.69,56,89,9.04,CN,2021-09-20 08:00:19
452,"Xichang,Cn",27.8964,102.2634,clear sky,78.28,56,5,2.37,CN,2021-09-20 08:01:34
453,"Melsungen,De",51.1333,9.55,few clouds,53.4,62,13,6.96,DE,2021-09-20 08:01:36
454,"Coihaique,Cl",-45.5752,-72.0662,overcast clouds,37.47,93,86,7.02,CL,2021-09-20 08:01:37
455,"Bukachacha,Ru",52.9833,116.9167,scattered clouds,61.68,64,31,5.03,RU,2021-09-20 08:01:40
456,"Tonantins,Br",-2.8731,-67.8022,few clouds,73.78,91,21,0.89,BR,2021-09-20 08:01:41
457,"Namibe,Ao",-15.1961,12.1522,scattered clouds,70.54,62,30,7.25,AO,2021-09-20 08:01:43
458,"Valparaiso,Co",1.1951,-75.707,broken clouds,68.63,96,72,1.86,CO,2021-09-20 08:01:44
459,"Iguape,Br",-24.7081,-47.5553,overcast clouds,69.26,97,97,4.59,BR,2021-09-20 08:00:33
460,"Ayagoz,Kz",47.9714,80.4392,clear sky,56.71,18,0,6.33,KZ,2021-09-20 08:01:47
461,"Moerai,Pf",-22.4333,-151.3333,light rain,74.05,82,5,12.41,PF,2021-09-20 08:01:48
462,"Masuda,Jp",34.6667,131.85,scattered clouds,77.45,77,48,3.24,JP,2021-09-20 08:01:50
463,"Roma,Au",-26.5833,148.7833,light rain,83.03,22,88,17.9,AU,2021-09-20 08:01:51
464,"Inongo,Cd",-1.95,18.2667,broken clouds,72.7,78,81,0.72,CD,2021-09-20 08:01:53
465,"Paamiut,Gl",61.994,-49.6678,broken clouds,34.61,75,70,13.94,GL,2021-09-20 08:01:54
466,"Cockburn Town,Tc",21.4612,-71.1419,scattered clouds,81.9,77,45,15.99,TC,2021-09-20 08:01:55
467,"Podyuga,Ru",61.095,40.8647,overcast clouds,41.22,58,100,9.22,RU,2021-09-20 08:01:57
468,"Waiuku,Nz",-37.25,174.75,clear sky,57.33,80,9,5.21,NZ,2021-09-20 08:01:59
469,"Padang,Id",-0.9492,100.3543,broken clouds,87.85,66,55,4.88,ID,2021-09-20 08:02:01
470,"Monte Patria,Cl",-30.6919,-70.9467,clear sky,54.19,62,0,1.95,CL,2021-09-20 08:01:10
471,"Traralgon,Au",-38.1833,146.5333,light rain,45.18,88,100,5.99,AU,2021-09-20 08:02:03
472,"Hervey Bay,Au",-25.2986,152.8535,clear sky,70.03,74,0,16.35,AU,2021-09-20 08:02:05
473,"Kahului,Us",20.8947,-156.47,overcast clouds,74.97,87,100,13.69,US,2021-09-20 08:02:06
474,"Tongchuan,Cn",35.0806,109.0897,clear sky,78.82,43,0,9.19,CN,2021-09-20 08:02:08
475,"Coahuayana,Mx",18.7333,-103.6833,broken clouds,74.12,90,69,3.78,MX,2021-09-20 08:02:09
476,"Salta,Ar",-24.7859,-65.4117,clear sky,63.57,66,0,3.0,AR,2021-09-20 08:00:28
477,"Altamira,Br",-3.2033,-52.2064,few clouds,70.93,92,11,2.33,BR,2021-09-20 08:00:14
478,"Rodrigues Alves,Br",-7.738,-72.6509,few clouds,73.04,78,21,2.1,BR,2021-09-20 08:02:14
479,"Taybad,Ir",34.74,60.7756,clear sky,84.31,15,0,15.12,IR,2021-09-20 08:02:17
480,"Bakchar,Ru",57.0186,82.0711,light rain,36.34,98,100,6.91,RU,2021-09-20 08:02:19
481,"Prince Rupert,Ca",54.3161,-130.3201,overcast clouds,51.73,90,100,6.24,CA,2021-09-20 08:02:20
482,"Talara,Pe",-4.5772,-81.2719,clear sky,63.63,83,7,18.57,PE,2021-09-20 08:02:22
483,"Yumen,Cn",40.2833,97.2,clear sky,82.4,10,0,8.39,CN,2021-09-20 08:02:23
484,"Sungaipenuh,Id",-2.0833,101.3833,broken clouds,75.22,77,80,2.28,ID,2021-09-20 08:02:25
485,"Los Llanos De Aridane,Es",28.6585,-17.9182,scattered clouds,69.55,75,40,9.22,ES,2021-09-20 08:02:20
486,"North Bend,Us",43.4065,-124.2243,clear sky,54.86,97,5,3.4,US,2021-09-20 08:02:27
487,"Port Lincoln,Au",-34.7333,135.8667,overcast clouds,52.48,53,100,25.97,AU,2021-09-20 08:02:29
488,"Husavik,Is",66.0449,-17.3389,overcast clouds,47.8,84,100,1.97,IS,2021-09-20 08:02:30
489,"Tha Bo,Th",17.85,102.5814,scattered clouds,91.29,58,40,2.3,TH,2021-09-20 08:02:31
490,"Freeport,Bs",26.5333,-78.7,overcast clouds,82.76,75,100,7.23,BS,2021-09-20 08:02:33
491,"Olafsvik,Is",64.8945,-23.7142,overcast clouds,49.66,89,100,9.42,IS,2021-09-20 08:02:34
492,"Cordele,Us",31.9635,-83.7824,moderate rain,75.31,94,90,4.61,US,2021-09-20 08:02:36
493,"Praia,Cv",14.9215,-23.5087,broken clouds,79.34,94,75,4.61,CV,2021-09-20 08:02:37
494,"Gazli,Uz",40.1333,63.45,clear sky,79.41,14,0,14.43,UZ,2021-09-20 08:02:39
495,"Kuala Terengganu,My",5.3302,103.1408,scattered clouds,87.78,60,37,5.77,MY,2021-09-20 08:02:41
496,"Enshi,Cn",30.3,109.4833,clear sky,84.65,49,0,5.28,CN,2021-09-20 08:02:43
497,"Itacarambi,Br",-15.1022,-44.0919,broken clouds,71.8,37,74,2.42,BR,2021-09-20 08:02:44
498,"Skjervoy,No",70.0311,20.9714,overcast clouds,48.38,65,93,14.74,NO,2021-09-20 08:02:46
499,"Baoding,Cn",38.8511,115.4903,overcast clouds,74.75,67,100,5.06,CN,2021-09-20 08:00:29
500,"Sumenep,Id",-7.0167,113.8667,clear sky,87.71,54,6,14.07,ID,2021-09-20 08:02:48
501,"Makueni,Ke",-1.8041,37.6203,scattered clouds,74.25,49,49,6.98,KE,2021-09-20 08:02:50
502,"Astana,Kz",51.1801,71.446,broken clouds,49.95,43,75,17.9,KZ,2021-09-20 08:00:17
503,"Guia De Isora,Es",28.2115,-16.7795,few clouds,67.73,63,18,6.38,ES,2021-09-20 08:02:52
504,"Angoche,Mz",-16.2325,39.9086,broken clouds,78.15,44,62,8.16,MZ,2021-09-20 08:02:54
505,"Atambua,Id",-9.1061,124.8925,few clouds,83.21,49,24,4.43,ID,2021-09-20 08:02:55
506,"Auray,Fr",47.6703,-2.9918,broken clouds,58.89,94,60,11.99,FR,2021-09-20 08:02:56
507,"Ust-Tsilma,Ru",65.441,52.1498,overcast clouds,42.85,60,99,8.19,RU,2021-09-20 08:02:58
508,"Diego De Almagro,Cl",-26.3667,-70.05,clear sky,52.25,52,0,0.94,CL,2021-09-20 08:02:59
509,"Lahaina,Us",20.8783,-156.6825,overcast clouds,73.65,72,100,9.71,US,2021-09-20 08:00:29
510,"Taltal,Cl",-25.4,-70.4833,clear sky,56.71,81,4,0.83,CL,2021-09-20 08:03:02
511,"Tashtyp,Ru",52.7939,89.8983,broken clouds,47.73,57,74,14.76,RU,2021-09-20 08:03:03
512,"Kloulklubed,Pw",7.0419,134.2556,broken clouds,86.5,74,75,9.37,PW,2021-09-20 08:03:05
513,"Pambisan,Ph",13.0137,121.4128,overcast clouds,82.99,77,100,2.73,PH,2021-09-20 08:03:06
514,"Hovd,Mn",48.0056,91.6419,clear sky,66.72,19,1,21.32,MN,2021-09-20 08:03:08
515,"Ekibastuz,Kz",51.6667,75.3667,overcast clouds,46.63,45,100,20.83,KZ,2021-09-20 08:03:09
516,"Vagay,Ru",57.9375,69.0217,light rain,38.59,97,100,9.82,RU,2021-09-20 08:03:10
517,"Sangar,Ru",63.9242,127.4739,few clouds,42.19,72,13,7.65,RU,2021-09-20 08:03:12
518,"Cabimas,Ve",10.3883,-71.4399,overcast clouds,79.34,80,100,12.53,VE,2021-09-20 08:02:44
519,"Mocuba,Mz",-16.8392,36.9856,clear sky,81.16,31,5,2.39,MZ,2021-09-20 08:03:16
520,"Vanderbijlpark,Za",-26.7117,27.838,light rain,71.37,28,74,16.22,ZA,2021-09-20 08:03:17
521,"Kedrovyy,Ru",56.1667,91.8167,light rain,45.01,60,100,10.83,RU,2021-09-20 08:03:19
522,"Buckeye,Us",33.3703,-112.5838,clear sky,86.18,26,0,4.61,US,2021-09-20 08:00:00
523,"Christchurch,Nz",-43.5333,172.6333,clear sky,52.92,71,0,5.01,NZ,2021-09-20 08:00:32
524,"Rorvik,No",64.8621,11.2373,clear sky,51.91,62,0,10.36,NO,2021-09-20 08:03:22
525,"Halkirk,Gb",58.5117,-3.4903,overcast clouds,53.55,82,100,8.25,GB,2021-09-20 08:03:24
526,"Santarem,Br",-2.4431,-54.7083,scattered clouds,80.73,89,40,9.22,BR,2021-09-20 08:03:25
527,"Uk,Ru",55.079,98.8586,overcast clouds,56.84,62,100,8.08,RU,2021-09-20 08:03:27
528,"Porbandar,In",21.6422,69.6093,clear sky,85.35,71,1,10.51,IN,2021-09-20 08:03:28
529,"Santa Isabel Do Rio Negro,Br",-0.4139,-65.0192,scattered clouds,72.01,97,31,2.26,BR,2021-09-20 08:03:30
530,"Houma,Us",29.5958,-90.7195,clear sky,75.2,96,0,4.12,US,2021-09-20 08:03:31
531,"Westport,Nz",-41.7526,171.6037,overcast clouds,51.64,83,100,1.57,NZ,2021-09-20 08:03:33
532,"Cap-Aux-Meules,Ca",47.3821,-61.8597,clear sky,56.03,68,0,20.65,CA,2021-09-20 08:03:34
533,"Baykit,Ru",61.67,96.37,overcast clouds,51.48,73,97,1.25,RU,2021-09-20 08:03:36
534,"Mananjary,Mg",-21.2167,48.3333,overcast clouds,71.11,67,100,3.91,MG,2021-09-20 08:03:37
535,"Robertson,Za",-33.8034,19.8854,light rain,57.06,70,56,11.77,ZA,2021-09-20 08:03:38
536,"Homer,Us",59.6425,-151.5483,clear sky,51.04,71,1,3.44,US,2021-09-20 08:03:40
537,"Panguna,Pg",-6.3164,155.4848,light rain,69.17,94,85,2.26,PG,2021-09-20 08:03:41
538,"Macedo De Cavaleiros,Pt",41.5382,-6.9611,clear sky,58.57,66,0,5.68,PT,2021-09-20 08:03:45
539,"Bilma,Ne",18.6853,12.9164,clear sky,91.65,10,2,4.72,NE,2021-09-20 08:03:46
540,"Ambilobe,Mg",-13.2,49.05,clear sky,89.69,33,6,9.13,MG,2021-09-20 08:03:48
541,"Miraflores,Co",1.3367,-71.9511,broken clouds,69.39,98,83,0.36,CO,2021-09-20 08:03:49
542,"Half Moon Bay,Us",37.4636,-122.4286,clear sky,62.46,83,1,0.0,US,2021-09-20 08:03:51
543,"Lakes Entrance,Au",-37.8811,147.981,overcast clouds,49.15,83,100,18.1,AU,2021-09-20 08:03:52
544,"Teguldet,Ru",57.3064,88.1667,light rain,46.04,72,99,9.35,RU,2021-09-20 08:03:54
545,"Huilong,Cn",31.8111,121.655,overcast clouds,83.98,86,96,16.73,CN,2021-09-20 08:03:55
546,"Lagdo,Cm",9.05,13.7333,overcast clouds,82.38,70,100,1.25,CM,2021-09-20 08:03:56
547,"Wadi Musa,Jo",30.3222,35.4793,clear sky,81.23,22,0,2.57,JO,2021-09-20 08:03:58
548,"Pizarro,Co",4.9533,-77.366,light rain,76.05,89,100,2.77,CO,2021-09-20 08:03:59
549,"Srednekolymsk,Ru",67.45,153.6833,overcast clouds,35.04,52,100,18.92,RU,2021-09-20 08:04:01
550,"Bouar,Cf",5.934,15.596,light rain,71.83,82,100,3.06,CF,2021-09-20 08:04:02
551,"Werda,Bw",-25.2667,23.2833,broken clouds,74.19,12,54,12.19,BW,2021-09-20 08:04:04
552,"Bafata,Gw",12.1667,-14.75,overcast clouds,76.6,93,100,0.58,GW,2021-09-20 08:04:05
553,"Moose Factory,Ca",51.2585,-80.6094,broken clouds,61.41,75,64,13.6,CA,2021-09-20 08:04:07
554,"Le Port,Re",-20.9373,55.2919,clear sky,75.16,64,9,3.94,RE,2021-09-20 08:04:08
555,"Vanimo,Pg",-2.6741,141.3028,few clouds,81.5,77,19,5.26,PG,2021-09-20 08:04:10
556,"Ketchikan,Us",55.3422,-131.6461,overcast clouds,54.07,94,90,10.36,US,2021-09-20 08:04:11
557,"Aksarka,Ru",66.5606,67.7975,overcast clouds,40.46,75,100,16.91,RU,2021-09-20 08:04:12
558,"Lillehammer,No",61.1146,10.4674,overcast clouds,46.33,72,100,5.66,NO,2021-09-20 08:04:14
559,"Plettenberg Bay,Za",-34.0527,23.3716,broken clouds,63.07,61,59,8.57,ZA,2021-09-20 08:04:15
560,"Bauchi,Ng",10.5,10.0,overcast clouds,79.29,69,98,3.83,NG,2021-09-20 08:04:17
561,"Kontagora,Ng",10.3999,5.4695,scattered clouds,77.85,83,45,3.4,NG,2021-09-20 08:04:18
562,"Tiznit,Ma",29.5833,-9.5,broken clouds,63.5,83,83,0.81,MA,2021-09-20 08:02:05
563,"Verkhnevilyuysk,Ru",63.4453,120.3167,broken clouds,43.83,48,56,0.92,RU,2021-09-20 08:04:21
564,"Galesong,Id",-5.3166,119.3661,overcast clouds,86.02,85,100,14.07,ID,2021-09-20 08:04:22
565,"Felanitx,Es",39.4696,3.1483,clear sky,76.14,63,0,1.92,ES,2021-09-20 08:04:24
566,"Gulu,Ug",2.7746,32.299,moderate rain,73.63,83,81,1.43,UG,2021-09-20 08:04:25
567,"Natal,Br",-5.795,-35.2094,scattered clouds,70.45,94,40,4.61,BR,2021-09-20 08:04:27
568,"Kavaratti,In",10.5669,72.642,broken clouds,82.0,78,71,10.69,IN,2021-09-20 08:04:28
569,"Puerto Baquerizo Moreno,Ec",-0.9,-89.6,broken clouds,68.05,83,54,14.54,EC,2021-09-20 08:04:30
570,"Aklavik,Ca",68.2191,-135.0107,broken clouds,38.16,63,51,6.06,CA,2021-09-20 08:04:31
571,"Bhatkal,In",13.9667,74.5667,overcast clouds,82.58,77,100,9.44,IN,2021-09-20 08:04:32
572,"Cockburn Town,Bs",24.0333,-74.5167,few clouds,83.34,69,13,13.8,BS,2021-09-20 08:04:34
573,"Itarema,Br",-2.9248,-39.9167,broken clouds,77.45,77,55,14.14,BR,2021-09-20 08:04:35
574,"Sorland,No",67.667,12.6934,broken clouds,51.66,70,76,17.05,NO,2021-09-20 08:04:37
575,"San Juan,Ar",-31.5375,-68.5364,broken clouds,58.73,35,59,16.51,AR,2021-09-20 08:04:38
576,"Mitu,Co",1.1983,-70.1733,broken clouds,70.02,99,58,1.43,CO,2021-09-20 08:04:39
577,"Kachug,Ru",53.9606,105.8817,clear sky,75.65,30,2,12.19,RU,2021-09-20 08:04:41
578,"Pitimbu,Br",-7.4706,-34.8086,overcast clouds,72.19,75,92,9.35,BR,2021-09-20 08:04:42
579,"Sao Geraldo Do Araguaia,Br",-6.4006,-48.555,overcast clouds,77.74,61,87,4.36,BR,2021-09-20 08:04:44
580,"Trairi,Br",-3.2778,-39.2689,broken clouds,77.59,76,62,13.51,BR,2021-09-20 08:00:09
581,"West Plains,Us",36.7281,-91.8524,overcast clouds,72.43,97,90,1.01,US,2021-09-20 08:04:46
582,"Lizzano,It",40.391,17.4476,clear sky,86.77,57,0,9.69,IT,2021-09-20 08:04:48
583,"Weiser,Us",44.251,-116.9693,clear sky,49.86,75,6,3.09,US,2021-09-20 08:04:49
584,"Netarhat,In",23.4833,84.2667,broken clouds,76.62,77,59,4.32,IN,2021-09-20 08:04:51
585,"Mumford,Gh",5.2618,-0.759,broken clouds,76.64,86,68,7.45,GH,2021-09-20 08:04:52
586,"Katangli,Ru",51.7102,143.2326,overcast clouds,52.36,60,97,8.75,RU,2021-09-20 08:04:53
587,"Aquiraz,Br",-3.9014,-38.3911,broken clouds,78.89,73,66,16.37,BR,2021-09-20 08:04:55
588,"Wangqing,Cn",43.3218,129.7634,light rain,59.38,95,100,3.27,CN,2021-09-20 08:04:56
589,"Maniitsoq,Gl",65.4167,-52.9,few clouds,32.27,52,15,8.14,GL,2021-09-20 08:04:58
590,"Camana,Pe",-16.6228,-72.7111,overcast clouds,59.41,86,99,7.14,PE,2021-09-20 08:04:59
591,"Disna,By",55.568,28.1971,overcast clouds,37.53,97,100,12.75,BY,2021-09-20 08:05:01
592,"Carlsbad,Us",33.1581,-117.3506,clear sky,67.64,86,1,3.44,US,2021-09-20 08:05:03
593,"Mamou,Gn",10.5,-12.0,scattered clouds,70.12,93,34,1.9,GN,2021-09-20 08:05:05
594,"Kautokeino,No",69.0125,23.0412,scattered clouds,42.49,65,33,25.66,NO,2021-09-20 08:05:06
595,"Flinders,Au",-34.5833,150.8552,clear sky,55.26,64,5,19.04,AU,2021-09-20 08:05:07
596,"Linxia,Cn",35.6003,103.2064,clear sky,73.22,22,1,3.47,CN,2021-09-20 08:05:09
597,"Rusape,Zw",-18.5278,32.1284,clear sky,76.03,21,0,7.02,ZW,2021-09-20 08:05:10
598,"Stykkisholmur,Is",65.0757,-22.7297,light rain,48.36,89,100,3.11,IS,2021-09-20 08:05:12
599,"Saint-Denis,Re",-20.8667,55.4667,broken clouds,75.38,67,75,19.57,RE,2021-09-20 08:05:14
600,"Bolobo,Cd",-2.1667,16.2333,broken clouds,80.2,57,75,0.56,CD,2021-09-20 08:05:16
601,"Sorong,Id",-0.8833,131.25,moderate rain,80.29,80,100,3.06,ID,2021-09-20 08:05:18
602,"Nanchang,Cn",28.6833,115.8833,light rain,85.06,62,5,3.13,CN,2021-09-20 08:05:21
603,"Selenginsk,Ru",52.0064,106.8647,clear sky,77.41,40,0,8.86,RU,2021-09-20 08:05:23
604,"Balabac,Ph",7.9868,117.0645,overcast clouds,84.81,68,89,7.29,PH,2021-09-20 08:05:25
605,"Tura,Ru",64.2833,100.25,light rain,42.08,94,100,2.82,RU,2021-09-20 08:05:26
606,"Falmouth,Jm",18.4936,-77.6559,scattered clouds,78.87,81,33,7.18,JM,2021-09-20 08:05:28
607,"Inuvik,Ca",68.3499,-133.7218,broken clouds,36.91,69,65,8.21,CA,2021-09-20 08:05:29
608,"Komsomolskiy,Ru",43.9783,46.6985,broken clouds,78.01,38,56,3.85,RU,2021-09-20 08:05:31
609,"Novo Aripuana,Br",-5.1206,-60.3797,broken clouds,73.0,90,71,2.15,BR,2021-09-20 08:05:32
610,"Palmas Bellas,Pa",9.2319,-80.0867,overcast clouds,77.58,86,92,3.56,PA,2021-09-20 08:05:34
611,"Miramar,Mx",22.3333,-97.8667,scattered clouds,80.01,87,45,5.28,MX,2021-09-20 08:05:35
612,"Ranfurly,Nz",-45.1333,170.1,clear sky,48.65,61,9,5.46,NZ,2021-09-20 08:05:36
613,"Bandar-E Lengeh,Ir",26.5579,54.8807,clear sky,92.88,58,0,6.82,IR,2021-09-20 08:05:38
614,"Namatanai,Pg",-3.6667,152.4333,light rain,80.42,80,52,9.62,PG,2021-09-20 08:05:39
615,"San Pedro,Bz",17.916,-87.9659,overcast clouds,83.05,79,86,10.49,BZ,2021-09-20 08:02:24
616,"Naze,Jp",28.3667,129.4833,broken clouds,77.59,72,52,5.77,JP,2021-09-20 08:05:42
617,"Along,In",28.1667,94.7667,clear sky,92.84,48,1,1.97,IN,2021-09-20 08:05:43
618,"Port-Cartier,Ca",50.0334,-66.8654,broken clouds,46.99,69,71,3.36,CA,2021-09-20 08:01:10
619,"Pucallpa,Pe",-8.3791,-74.5539,scattered clouds,73.71,69,27,1.86,PE,2021-09-20 08:05:47
620,"Khuzhir,Ru",53.1939,107.3397,clear sky,54.77,74,5,9.1,RU,2021-09-20 08:05:48
621,"Yar,Ru",58.249,52.1026,scattered clouds,45.12,53,36,6.22,RU,2021-09-20 08:05:50
622,"Zhuhai,Cn",22.2769,113.5678,few clouds,89.71,79,20,4.61,CN,2021-09-20 08:05:51
623,"Itaituba,Br",-4.2761,-55.9836,scattered clouds,73.96,83,27,2.44,BR,2021-09-20 08:02:26
624,"Barcelos,Br",-0.9747,-62.9242,overcast clouds,72.0,98,92,1.16,BR,2021-09-20 08:05:54
625,"Carman,Ca",49.4992,-98.0016,overcast clouds,61.65,80,100,13.49,CA,2021-09-20 08:05:55
626,"Garoua Boulai,Cm",5.8833,14.55,overcast clouds,72.57,81,100,2.13,CM,2021-09-20 08:05:58
627,"Berdigestyakh,Ru",62.0989,126.6992,overcast clouds,39.52,66,100,6.58,RU,2021-09-20 08:05:59
628,"Bandundu,Cd",-3.3167,17.3667,few clouds,81.61,62,16,2.44,CD,2021-09-20 08:06:01
629,"Santiago Del Estero,Ar",-27.7951,-64.2615,overcast clouds,69.8,59,86,15.77,AR,2021-09-20 08:06:02
630,"Kamloops,Ca",50.6665,-120.3192,broken clouds,49.19,93,75,3.44,CA,2021-09-20 08:02:50
631,"Enterprise,Us",36.0252,-115.2419,clear sky,77.72,25,1,5.99,US,2021-09-20 08:06:06
632,"Kudahuvadhoo,Mv",2.6708,72.8944,broken clouds,82.63,72,59,4.76,MV,2021-09-20 08:06:07
633,"Umm Lajj,Sa",25.0213,37.2685,scattered clouds,91.35,52,36,14.83,SA,2021-09-20 08:06:09
634,"Wamba,Cd",2.1484,27.9947,broken clouds,80.35,61,63,2.55,CD,2021-09-20 08:06:10
635,"Koumac,Nc",-20.5667,164.2833,overcast clouds,71.1,66,97,4.65,NC,2021-09-20 08:06:12
636,"Nishihara,Jp",26.1842,127.7558,few clouds,85.66,70,20,9.22,JP,2021-09-20 08:06:13
637,"Suntar,Ru",62.1444,117.6319,scattered clouds,49.06,37,37,5.17,RU,2021-09-20 08:06:15
638,"Storforshei,No",66.4043,14.5233,broken clouds,47.98,53,75,16.11,NO,2021-09-20 08:06:16
639,"Cotonou,Bj",6.3654,2.4183,overcast clouds,80.06,80,98,9.04,BJ,2021-09-20 08:05:32
640,"Vidim,Ru",56.4088,103.1106,overcast clouds,70.34,44,98,6.2,RU,2021-09-20 08:06:19
641,"Northam,Au",-31.6667,116.6667,clear sky,68.05,58,0,10.87,AU,2021-09-20 08:06:20
642,"Taksimo,Ru",56.3444,114.8794,clear sky,60.24,56,7,3.56,RU,2021-09-20 08:06:21
643,"Santa Rosa,Co",10.4447,-75.3697,overcast clouds,76.64,90,100,4.29,CO,2021-09-20 08:06:23
644,"Port Augusta,Au",-32.5,137.7667,scattered clouds,56.71,48,46,25.1,AU,2021-09-20 08:06:26
645,"Bhinmal,In",25.0,72.25,scattered clouds,93.02,49,46,11.99,IN,2021-09-20 08:06:27
646,"Sibu,My",2.3,111.8167,overcast clouds,75.7,96,100,2.3,MY,2021-09-20 08:06:29
647,"Kulhudhuffushi,Mv",6.6221,73.07,scattered clouds,82.78,76,34,10.63,MV,2021-09-20 08:06:30
